asymmetry_delta,k_slope,utility_babbling,utility_maxinfo
0.0,0.0,0.0,0.9985775248933143
0.1234793574740059,1.0,0.2702702702702702,0.9217638691322901
0.23940514021153664,2.0,0.2702702702702702,0.7567567567567568
0.34247693170634175,3.0,0.2702702702702702,0.2702702702702702
0.4304900662529626,4.0,0.2702702702702702,0.2702702702702702
0.563926050601787,6.0,0.2702702702702702,0.2702702702702702
0.6535803347297691,8.0,0.2702702702702702,0.2702702702702702
0.7146389909970967,10.0,0.2702702702702702,0.2702702702702702
0.757575107677664,12.0,0.2702702702702702,0.2702702702702702
